-- users
INSERT INTO users(nickname, email, picture, role, created_date, modified_date) VALUES ('TEST1', 'test@gmail.com', null, 'GUEST', CURRENT_TIMESTAMP, CURRENT_TIMESTAMP);
INSERT INTO users(nickname, email, picture, role, created_date, modified_date) VALUES ('TEST2', 'test@naver.com', null, 'GUEST', CURRENT_TIMESTAMP, CURRENT_TIMESTAMP);

-- posts
INSERT INTO posts(title, contents, category, user_id, created_date, modified_date) VALUES ('title1', 'contents1', 'FREEDOM', 1, CURRENT_TIMESTAMP, CURRENT_TIMESTAMP);
INSERT INTO posts(title, contents, category, user_id, created_date, modified_date) VALUES ('title2', 'contents2', 'IT', 2, CURRENT_TIMESTAMP, CURRENT_TIMESTAMP);
INSERT INTO posts(title, contents, category, user_id, created_date, modified_date) VALUES ('title3', 'contents3', 'SPORTS', 1, CURRENT_TIMESTAMP, CURRENT_TIMESTAMP);
INSERT INTO posts(title, contents, category, user_id, created_date, modified_date) VALUES ('title4', 'contents4', 'FASHION', 2, CURRENT_TIMESTAMP, CURRENT_TIMESTAMP);
INSERT INTO posts(title, contents, category, user_id, created_date, modified_date) VALUES ('title5', 'contents5', 'FREEDOM', 1, CURRENT_TIMESTAMP, CURRENT_TIMESTAMP);
INSERT INTO posts(title, contents, category, user_id, created_date, modified_date) VALUES ('title1', 'contents1', 'IT', 2, CURRENT_TIMESTAMP, CURRENT_TIMESTAMP);
INSERT INTO posts(title, contents, category, user_id, created_date, modified_date) VALUES ('title2', 'contents2', 'SPORTS', 1, CURRENT_TIMESTAMP, CURRENT_TIMESTAMP);
INSERT INTO posts(title, contents, category, user_id, created_date, modified_date) VALUES ('title3', 'contents3', 'FASHION', 2, CURRENT_TIMESTAMP, CURRENT_TIMESTAMP);
INSERT INTO posts(title, contents, category, user_id, created_date, modified_date) VALUES ('title1', 'contents1', 'FREEDOM', 1, CURRENT_TIMESTAMP, CURRENT_TIMESTAMP);
INSERT INTO posts(title, contents, category, user_id, created_date, modified_date) VALUES ('title2', 'contents2', 'IT', 1, CURRENT_TIMESTAMP, CURRENT_TIMESTAMP);
INSERT INTO posts(title, contents, category, user_id, created_date, modified_date) VALUES ('title3', 'contents3', 'SPORTS', 1, CURRENT_TIMESTAMP, CURRENT_TIMESTAMP);
INSERT INTO posts(title, contents, category, user_id, created_date, modified_date) VALUES ('title4', 'contents4', 'FASHION', 1, CURRENT_TIMESTAMP, CURRENT_TIMESTAMP);
INSERT INTO posts(title, contents, category, user_id, created_date, modified_date) VALUES ('title1', 'contents1', 'FREEDOM', 1, CURRENT_TIMESTAMP, CURRENT_TIMESTAMP);
INSERT INTO posts(title, contents, category, user_id, created_date, modified_date) VALUES ('title2', 'contents2', 'IT', 1, CURRENT_TIMESTAMP, CURRENT_TIMESTAMP);
INSERT INTO posts(title, contents, category, user_id, created_date, modified_date) VALUES ('title3', 'contents3', 'SPORTS', 1, CURRENT_TIMESTAMP, CURRENT_TIMESTAMP);
INSERT INTO posts(title, contents, category, user_id, created_date, modified_date) VALUES ('title4', 'contents4', 'FASHION', 1, CURRENT_TIMESTAMP, CURRENT_TIMESTAMP);
INSERT INTO posts(title, contents, category, user_id, created_date, modified_date) VALUES ('title1', 'contents1', 'FREEDOM', 1, CURRENT_TIMESTAMP, CURRENT_TIMESTAMP);
INSERT INTO posts(title, contents, category, user_id, created_date, modified_date) VALUES ('title2', 'contents2', 'IT', 1, CURRENT_TIMESTAMP, CURRENT_TIMESTAMP);
INSERT INTO posts(title, contents, category, user_id, created_date, modified_date) VALUES ('title3', 'contents3', 'SPORTS', 1, CURRENT_TIMESTAMP, CURRENT_TIMESTAMP);
INSERT INTO posts(title, contents, category, user_id, created_date, modified_date) VALUES ('title4', 'contents4', 'FASHION', 1, CURRENT_TIMESTAMP, CURRENT_TIMESTAMP);
INSERT INTO posts(title, contents, category, user_id, created_date, modified_date) VALUES ('title1', 'contents1', 'FREEDOM', 1, CURRENT_TIMESTAMP, CURRENT_TIMESTAMP);
INSERT INTO posts(title, contents, category, user_id, created_date, modified_date) VALUES ('title2', 'contents2', 'IT', 1, CURRENT_TIMESTAMP, CURRENT_TIMESTAMP);
INSERT INTO posts(title, contents, category, user_id, created_date, modified_date) VALUES ('title3', 'contents3', 'SPORTS', 1, CURRENT_TIMESTAMP, CURRENT_TIMESTAMP);
INSERT INTO posts(title, contents, category, user_id, created_date, modified_date) VALUES ('title4', 'contents4', 'FASHION', 1, CURRENT_TIMESTAMP, CURRENT_TIMESTAMP);
INSERT INTO posts(title, contents, category, user_id, created_date, modified_date) VALUES ('title1', 'contents1', 'FREEDOM', 1, CURRENT_TIMESTAMP, CURRENT_TIMESTAMP);
INSERT INTO posts(title, contents, category, user_id, created_date, modified_date) VALUES ('title2', 'contents2', 'IT', 1, CURRENT_TIMESTAMP, CURRENT_TIMESTAMP);
INSERT INTO posts(title, contents, category, user_id, created_date, modified_date) VALUES ('title3', 'contents3', 'SPORTS', 1, CURRENT_TIMESTAMP, CURRENT_TIMESTAMP);
INSERT INTO posts(title, contents, category, user_id, created_date, modified_date) VALUES ('title4', 'contents4', 'FASHION', 1, CURRENT_TIMESTAMP, CURRENT_TIMESTAMP);
INSERT INTO posts(title, contents, category, user_id, created_date, modified_date) VALUES ('title1', 'contents1', 'FREEDOM', 1, CURRENT_TIMESTAMP, CURRENT_TIMESTAMP);
INSERT INTO posts(title, contents, category, user_id, created_date, modified_date) VALUES ('title2', 'contents2', 'IT', 1, CURRENT_TIMESTAMP, CURRENT_TIMESTAMP);
INSERT INTO posts(title, contents, category, user_id, created_date, modified_date) VALUES ('title3', 'contents3', 'SPORTS', 1, CURRENT_TIMESTAMP, CURRENT_TIMESTAMP);
INSERT INTO posts(title, contents, category, user_id, created_date, modified_date) VALUES ('title4', 'contents4', 'FASHION', 1, CURRENT_TIMESTAMP, CURRENT_TIMESTAMP);
INSERT INTO posts(title, contents, category, user_id, created_date, modified_date) VALUES ('title1', 'contents1', 'FREEDOM', 1, CURRENT_TIMESTAMP, CURRENT_TIMESTAMP);
INSERT INTO posts(title, contents, category, user_id, created_date, modified_date) VALUES ('title2', 'contents2', 'IT', 1, CURRENT_TIMESTAMP, CURRENT_TIMESTAMP);
INSERT INTO posts(title, contents, category, user_id, created_date, modified_date) VALUES ('title3', 'contents3', 'SPORTS', 1, CURRENT_TIMESTAMP, CURRENT_TIMESTAMP);
INSERT INTO posts(title, contents, category, user_id, created_date, modified_date) VALUES ('title4', 'contents4', 'FASHION', 1, CURRENT_TIMESTAMP, CURRENT_TIMESTAMP);
INSERT INTO posts(title, contents, category, user_id, created_date, modified_date) VALUES ('title1', 'contents1', 'FREEDOM', 1, CURRENT_TIMESTAMP, CURRENT_TIMESTAMP);
INSERT INTO posts(title, contents, category, user_id, created_date, modified_date) VALUES ('title2', 'contents2', 'IT', 1, CURRENT_TIMESTAMP, CURRENT_TIMESTAMP);
INSERT INTO posts(title, contents, category, user_id, created_date, modified_date) VALUES ('title3', 'contents3', 'SPORTS', 1, CURRENT_TIMESTAMP, CURRENT_TIMESTAMP);
INSERT INTO posts(title, contents, category, user_id, created_date, modified_date) VALUES ('title4', 'contents4', 'FASHION', 1, CURRENT_TIMESTAMP, CURRENT_TIMESTAMP);
INSERT INTO posts(title, contents, category, user_id, created_date, modified_date) VALUES ('title1', 'contents1', 'FREEDOM', 1, CURRENT_TIMESTAMP, CURRENT_TIMESTAMP);
INSERT INTO posts(title, contents, category, user_id, created_date, modified_date) VALUES ('title2', 'contents2', 'IT', 1, CURRENT_TIMESTAMP, CURRENT_TIMESTAMP);
INSERT INTO posts(title, contents, category, user_id, created_date, modified_date) VALUES ('title3', 'contents3', 'SPORTS', 1, CURRENT_TIMESTAMP, CURRENT_TIMESTAMP);
INSERT INTO posts(title, contents, category, user_id, created_date, modified_date) VALUES ('title4', 'contents4', 'FASHION', 1, CURRENT_TIMESTAMP, CURRENT_TIMESTAMP);
INSERT INTO posts(title, contents, category, user_id, created_date, modified_date) VALUES ('title1', 'contents1', 'FREEDOM', 1, CURRENT_TIMESTAMP, CURRENT_TIMESTAMP);
INSERT INTO posts(title, contents, category, user_id, created_date, modified_date) VALUES ('title2', 'contents2', 'IT', 1, CURRENT_TIMESTAMP, CURRENT_TIMESTAMP);
INSERT INTO posts(title, contents, category, user_id, created_date, modified_date) VALUES ('title3', 'contents3', 'SPORTS', 1, CURRENT_TIMESTAMP, CURRENT_TIMESTAMP);
INSERT INTO posts(title, contents, category, user_id, created_date, modified_date) VALUES ('title4', 'contents4', 'FASHION', 1, CURRENT_TIMESTAMP, CURRENT_TIMESTAMP);
INSERT INTO posts(title, contents, category, user_id, created_date, modified_date) VALUES ('title1', 'contents1', 'FREEDOM', 1, CURRENT_TIMESTAMP, CURRENT_TIMESTAMP);
INSERT INTO posts(title, contents, category, user_id, created_date, modified_date) VALUES ('title2', 'contents2', 'IT', 1, CURRENT_TIMESTAMP, CURRENT_TIMESTAMP);
INSERT INTO posts(title, contents, category, user_id, created_date, modified_date) VALUES ('title3', 'contents3', 'SPORTS', 1, CURRENT_TIMESTAMP, CURRENT_TIMESTAMP);
INSERT INTO posts(title, contents, category, user_id, created_date, modified_date) VALUES ('title4', 'contents4', 'FASHION', 1, CURRENT_TIMESTAMP, CURRENT_TIMESTAMP);
INSERT INTO posts(title, contents, category, user_id, created_date, modified_date) VALUES ('title1', 'contents1', 'FREEDOM', 1, CURRENT_TIMESTAMP, CURRENT_TIMESTAMP);
INSERT INTO posts(title, contents, category, user_id, created_date, modified_date) VALUES ('title2', 'contents2', 'IT', 1, CURRENT_TIMESTAMP, CURRENT_TIMESTAMP);
INSERT INTO posts(title, contents, category, user_id, created_date, modified_date) VALUES ('title3', 'contents3', 'SPORTS', 1, CURRENT_TIMESTAMP, CURRENT_TIMESTAMP);
INSERT INTO posts(title, contents, category, user_id, created_date, modified_date) VALUES ('title4', 'contents4', 'FASHION', 1, CURRENT_TIMESTAMP, CURRENT_TIMESTAMP);
INSERT INTO posts(title, contents, category, user_id, created_date, modified_date) VALUES ('title1', 'contents1', 'FREEDOM', 1, CURRENT_TIMESTAMP, CURRENT_TIMESTAMP);
INSERT INTO posts(title, contents, category, user_id, created_date, modified_date) VALUES ('title2', 'contents2', 'IT', 1, CURRENT_TIMESTAMP, CURRENT_TIMESTAMP);
INSERT INTO posts(title, contents, category, user_id, created_date, modified_date) VALUES ('title3', 'contents3', 'SPORTS', 1, CURRENT_TIMESTAMP, CURRENT_TIMESTAMP);
INSERT INTO posts(title, contents, category, user_id, created_date, modified_date) VALUES ('title4', 'contents4', 'FASHION', 1, CURRENT_TIMESTAMP, CURRENT_TIMESTAMP);
INSERT INTO posts(title, contents, category, user_id, created_date, modified_date) VALUES ('title1', 'contents1', 'FREEDOM', 1, CURRENT_TIMESTAMP, CURRENT_TIMESTAMP);
INSERT INTO posts(title, contents, category, user_id, created_date, modified_date) VALUES ('title2', 'contents2', 'IT', 1, CURRENT_TIMESTAMP, CURRENT_TIMESTAMP);
INSERT INTO posts(title, contents, category, user_id, created_date, modified_date) VALUES ('title3', 'contents3', 'SPORTS', 1, CURRENT_TIMESTAMP, CURRENT_TIMESTAMP);
INSERT INTO posts(title, contents, category, user_id, created_date, modified_date) VALUES ('title4', 'contents4', 'FASHION', 1, CURRENT_TIMESTAMP, CURRENT_TIMESTAMP);
INSERT INTO posts(title, contents, category, user_id, created_date, modified_date) VALUES ('title1', 'contents1', 'FREEDOM', 1, CURRENT_TIMESTAMP, CURRENT_TIMESTAMP);
INSERT INTO posts(title, contents, category, user_id, created_date, modified_date) VALUES ('title2', 'contents2', 'IT', 1, CURRENT_TIMESTAMP, CURRENT_TIMESTAMP);
INSERT INTO posts(title, contents, category, user_id, created_date, modified_date) VALUES ('title3', 'contents3', 'SPORTS', 1, CURRENT_TIMESTAMP, CURRENT_TIMESTAMP);
INSERT INTO posts(title, contents, category, user_id, created_date, modified_date) VALUES ('title4', 'contents4', 'FASHION', 1, CURRENT_TIMESTAMP, CURRENT_TIMESTAMP);
INSERT INTO posts(title, contents, category, user_id, created_date, modified_date) VALUES ('title1', 'contents1', 'FREEDOM', 1, CURRENT_TIMESTAMP, CURRENT_TIMESTAMP);
INSERT INTO posts(title, contents, category, user_id, created_date, modified_date) VALUES ('title2', 'contents2', 'IT', 1, CURRENT_TIMESTAMP, CURRENT_TIMESTAMP);
INSERT INTO posts(title, contents, category, user_id, created_date, modified_date) VALUES ('title3', 'contents3', 'SPORTS', 1, CURRENT_TIMESTAMP, CURRENT_TIMESTAMP);
INSERT INTO posts(title, contents, category, user_id, created_date, modified_date) VALUES ('title4', 'contents4', 'FASHION', 1, CURRENT_TIMESTAMP, CURRENT_TIMESTAMP);
INSERT INTO posts(title, contents, category, user_id, created_date, modified_date) VALUES ('title1', 'contents1', 'FREEDOM', 1, CURRENT_TIMESTAMP, CURRENT_TIMESTAMP);
INSERT INTO posts(title, contents, category, user_id, created_date, modified_date) VALUES ('title2', 'contents2', 'IT', 1, CURRENT_TIMESTAMP, CURRENT_TIMESTAMP);
INSERT INTO posts(title, contents, category, user_id, created_date, modified_date) VALUES ('title3', 'contents3', 'SPORTS', 1, CURRENT_TIMESTAMP, CURRENT_TIMESTAMP);
INSERT INTO posts(title, contents, category, user_id, created_date, modified_date) VALUES ('title4', 'contents4', 'FASHION', 1, CURRENT_TIMESTAMP, CURRENT_TIMESTAMP);
INSERT INTO posts(title, contents, category, user_id, created_date, modified_date) VALUES ('title1', 'contents1', 'FREEDOM', 1, CURRENT_TIMESTAMP, CURRENT_TIMESTAMP);
INSERT INTO posts(title, contents, category, user_id, created_date, modified_date) VALUES ('title2', 'contents2', 'IT', 1, CURRENT_TIMESTAMP, CURRENT_TIMESTAMP);
INSERT INTO posts(title, contents, category, user_id, created_date, modified_date) VALUES ('title3', 'contents3', 'SPORTS', 1, CURRENT_TIMESTAMP, CURRENT_TIMESTAMP);
INSERT INTO posts(title, contents, category, user_id, created_date, modified_date) VALUES ('title4', 'contents4', 'FASHION', 1, CURRENT_TIMESTAMP, CURRENT_TIMESTAMP);
INSERT INTO posts(title, contents, category, user_id, created_date, modified_date) VALUES ('title1', 'contents1', 'FREEDOM', 1, CURRENT_TIMESTAMP, CURRENT_TIMESTAMP);
INSERT INTO posts(title, contents, category, user_id, created_date, modified_date) VALUES ('title2', 'contents2', 'IT', 1, CURRENT_TIMESTAMP, CURRENT_TIMESTAMP);
INSERT INTO posts(title, contents, category, user_id, created_date, modified_date) VALUES ('title3', 'contents3', 'SPORTS', 1, CURRENT_TIMESTAMP, CURRENT_TIMESTAMP);
INSERT INTO posts(title, contents, category, user_id, created_date, modified_date) VALUES ('title4', 'contents4', 'FASHION', 1, CURRENT_TIMESTAMP, CURRENT_TIMESTAMP);
INSERT INTO posts(title, contents, category, user_id, created_date, modified_date) VALUES ('title1', 'contents1', 'FREEDOM', 1, CURRENT_TIMESTAMP, CURRENT_TIMESTAMP);
INSERT INTO posts(title, contents, category, user_id, created_date, modified_date) VALUES ('title2', 'contents2', 'IT', 1, CURRENT_TIMESTAMP, CURRENT_TIMESTAMP);
INSERT INTO posts(title, contents, category, user_id, created_date, modified_date) VALUES ('title3', 'contents3', 'SPORTS', 1, CURRENT_TIMESTAMP, CURRENT_TIMESTAMP);
INSERT INTO posts(title, contents, category, user_id, created_date, modified_date) VALUES ('title4', 'contents4', 'FASHION', 1, CURRENT_TIMESTAMP, CURRENT_TIMESTAMP);
INSERT INTO posts(title, contents, category, user_id, created_date, modified_date) VALUES ('title1', 'contents1', 'FREEDOM', 1, CURRENT_TIMESTAMP, CURRENT_TIMESTAMP);
INSERT INTO posts(title, contents, category, user_id, created_date, modified_date) VALUES ('title2', 'contents2', 'IT', 1, CURRENT_TIMESTAMP, CURRENT_TIMESTAMP);
INSERT INTO posts(title, contents, category, user_id, created_date, modified_date) VALUES ('title3', 'contents3', 'SPORTS', 1, CURRENT_TIMESTAMP, CURRENT_TIMESTAMP);
INSERT INTO posts(title, contents, category, user_id, created_date, modified_date) VALUES ('title4', 'contents4', 'FASHION', 1, CURRENT_TIMESTAMP, CURRENT_TIMESTAMP);
INSERT INTO posts(title, contents, category, user_id, created_date, modified_date) VALUES ('title1', 'contents1', 'FREEDOM', 1, CURRENT_TIMESTAMP, CURRENT_TIMESTAMP);
INSERT INTO posts(title, contents, category, user_id, created_date, modified_date) VALUES ('title2', 'contents2', 'IT', 1, CURRENT_TIMESTAMP, CURRENT_TIMESTAMP);
INSERT INTO posts(title, contents, category, user_id, created_date, modified_date) VALUES ('title3', 'contents3', 'SPORTS', 1, CURRENT_TIMESTAMP, CURRENT_TIMESTAMP);
INSERT INTO posts(title, contents, category, user_id, created_date, modified_date) VALUES ('title4', 'contents4', 'FASHION', 1, CURRENT_TIMESTAMP, CURRENT_TIMESTAMP);
INSERT INTO posts(title, contents, category, user_id, created_date, modified_date) VALUES ('title1', 'contents1', 'FREEDOM', 1, CURRENT_TIMESTAMP, CURRENT_TIMESTAMP);
INSERT INTO posts(title, contents, category, user_id, created_date, modified_date) VALUES ('title2', 'contents2', 'IT', 1, CURRENT_TIMESTAMP, CURRENT_TIMESTAMP);
INSERT INTO posts(title, contents, category, user_id, created_date, modified_date) VALUES ('title3', 'contents3', 'SPORTS', 1, CURRENT_TIMESTAMP, CURRENT_TIMESTAMP);
INSERT INTO posts(title, contents, category, user_id, created_date, modified_date) VALUES ('title4', 'contents4', 'FASHION', 1, CURRENT_TIMESTAMP, CURRENT_TIMESTAMP);
INSERT INTO posts(title, contents, category, user_id, created_date, modified_date) VALUES ('title1', 'contents1', 'FREEDOM', 1, CURRENT_TIMESTAMP, CURRENT_TIMESTAMP);
INSERT INTO posts(title, contents, category, user_id, created_date, modified_date) VALUES ('title2', 'contents2', 'IT', 1, CURRENT_TIMESTAMP, CURRENT_TIMESTAMP);
INSERT INTO posts(title, contents, category, user_id, created_date, modified_date) VALUES ('title3', 'contents3', 'SPORTS', 1, CURRENT_TIMESTAMP, CURRENT_TIMESTAMP);
INSERT INTO posts(title, contents, category, user_id, created_date, modified_date) VALUES ('title4', 'contents4', 'FASHION', 1, CURRENT_TIMESTAMP, CURRENT_TIMESTAMP);
INSERT INTO posts(title, contents, category, user_id, created_date, modified_date) VALUES ('title1', 'contents1', 'FREEDOM', 1, CURRENT_TIMESTAMP, CURRENT_TIMESTAMP);
INSERT INTO posts(title, contents, category, user_id, created_date, modified_date) VALUES ('title2', 'contents2', 'IT', 1, CURRENT_TIMESTAMP, CURRENT_TIMESTAMP);
INSERT INTO posts(title, contents, category, user_id, created_date, modified_date) VALUES ('title3', 'contents3', 'SPORTS', 1, CURRENT_TIMESTAMP, CURRENT_TIMESTAMP);
INSERT INTO posts(title, contents, category, user_id, created_date, modified_date) VALUES ('title4', 'contents4', 'FASHION', 1, CURRENT_TIMESTAMP, CURRENT_TIMESTAMP);
INSERT INTO posts(title, contents, category, user_id, created_date, modified_date) VALUES ('title1', 'contents1', 'FREEDOM', 1, CURRENT_TIMESTAMP, CURRENT_TIMESTAMP);
INSERT INTO posts(title, contents, category, user_id, created_date, modified_date) VALUES ('title2', 'contents2', 'IT', 1, CURRENT_TIMESTAMP, CURRENT_TIMESTAMP);
INSERT INTO posts(title, contents, category, user_id, created_date, modified_date) VALUES ('title3', 'contents3', 'SPORTS', 1, CURRENT_TIMESTAMP, CURRENT_TIMESTAMP);
INSERT INTO posts(title, contents, category, user_id, created_date, modified_date) VALUES ('title4', 'contents4', 'FASHION', 1, CURRENT_TIMESTAMP, CURRENT_TIMESTAMP);
INSERT INTO posts(title, contents, category, user_id, created_date, modified_date) VALUES ('title1', 'contents1', 'FREEDOM', 1, CURRENT_TIMESTAMP, CURRENT_TIMESTAMP);
INSERT INTO posts(title, contents, category, user_id, created_date, modified_date) VALUES ('title2', 'contents2', 'IT', 1, CURRENT_TIMESTAMP, CURRENT_TIMESTAMP);
INSERT INTO posts(title, contents, category, user_id, created_date, modified_date) VALUES ('title3', 'contents3', 'SPORTS', 1, CURRENT_TIMESTAMP, CURRENT_TIMESTAMP);
INSERT INTO posts(title, contents, category, user_id, created_date, modified_date) VALUES ('title4', 'contents4', 'FASHION', 1, CURRENT_TIMESTAMP, CURRENT_TIMESTAMP);
INSERT INTO posts(title, contents, category, user_id, created_date, modified_date) VALUES ('title1', 'contents1', 'FREEDOM', 1, CURRENT_TIMESTAMP, CURRENT_TIMESTAMP);
INSERT INTO posts(title, contents, category, user_id, created_date, modified_date) VALUES ('title2', 'contents2', 'IT', 1, CURRENT_TIMESTAMP, CURRENT_TIMESTAMP);
INSERT INTO posts(title, contents, category, user_id, created_date, modified_date) VALUES ('title3', 'contents3', 'SPORTS', 1, CURRENT_TIMESTAMP, CURRENT_TIMESTAMP);
INSERT INTO posts(title, contents, category, user_id, created_date, modified_date) VALUES ('title4', 'contents4', 'FASHION', 1, CURRENT_TIMESTAMP, CURRENT_TIMESTAMP);
INSERT INTO posts(title, contents, category, user_id, created_date, modified_date) VALUES ('title1', 'contents1', 'FREEDOM', 1, CURRENT_TIMESTAMP, CURRENT_TIMESTAMP);
INSERT INTO posts(title, contents, category, user_id, created_date, modified_date) VALUES ('title2', 'contents2', 'IT', 1, CURRENT_TIMESTAMP, CURRENT_TIMESTAMP);
INSERT INTO posts(title, contents, category, user_id, created_date, modified_date) VALUES ('title3', 'contents3', 'SPORTS', 1, CURRENT_TIMESTAMP, CURRENT_TIMESTAMP);
INSERT INTO posts(title, contents, category, user_id, created_date, modified_date) VALUES ('title4', 'contents4', 'FASHION', 1, CURRENT_TIMESTAMP, CURRENT_TIMESTAMP);
INSERT INTO posts(title, contents, category, user_id, created_date, modified_date) VALUES ('title1', 'contents1', 'FREEDOM', 1, CURRENT_TIMESTAMP, CURRENT_TIMESTAMP);
INSERT INTO posts(title, contents, category, user_id, created_date, modified_date) VALUES ('title2', 'contents2', 'IT', 1, CURRENT_TIMESTAMP, CURRENT_TIMESTAMP);
INSERT INTO posts(title, contents, category, user_id, created_date, modified_date) VALUES ('title3', 'contents3', 'SPORTS', 1, CURRENT_TIMESTAMP, CURRENT_TIMESTAMP);
INSERT INTO posts(title, contents, category, user_id, created_date, modified_date) VALUES ('title4', 'contents4', 'FASHION', 1, CURRENT_TIMESTAMP, CURRENT_TIMESTAMP);
INSERT INTO posts(title, contents, category, user_id, created_date, modified_date) VALUES ('title1', 'contents1', 'FREEDOM', 1, CURRENT_TIMESTAMP, CURRENT_TIMESTAMP);
INSERT INTO posts(title, contents, category, user_id, created_date, modified_date) VALUES ('title2', 'contents2', 'IT', 1, CURRENT_TIMESTAMP, CURRENT_TIMESTAMP);
INSERT INTO posts(title, contents, category, user_id, created_date, modified_date) VALUES ('title3', 'contents3', 'SPORTS', 1, CURRENT_TIMESTAMP, CURRENT_TIMESTAMP);
INSERT INTO posts(title, contents, category, user_id, created_date, modified_date) VALUES ('title4', 'contents4', 'FASHION', 1, CURRENT_TIMESTAMP, CURRENT_TIMESTAMP);
INSERT INTO posts(title, contents, category, user_id, created_date, modified_date) VALUES ('title1', 'contents1', 'FREEDOM', 1, CURRENT_TIMESTAMP, CURRENT_TIMESTAMP);
INSERT INTO posts(title, contents, category, user_id, created_date, modified_date) VALUES ('title2', 'contents2', 'IT', 1, CURRENT_TIMESTAMP, CURRENT_TIMESTAMP);
INSERT INTO posts(title, contents, category, user_id, created_date, modified_date) VALUES ('title3', 'contents3', 'SPORTS', 1, CURRENT_TIMESTAMP, CURRENT_TIMESTAMP);
INSERT INTO posts(title, contents, category, user_id, created_date, modified_date) VALUES ('title4', 'contents4', 'FASHION', 1, CURRENT_TIMESTAMP, CURRENT_TIMESTAMP);
INSERT INTO posts(title, contents, category, user_id, created_date, modified_date) VALUES ('title1', 'contents1', 'FREEDOM', 1, CURRENT_TIMESTAMP, CURRENT_TIMESTAMP);
INSERT INTO posts(title, contents, category, user_id, created_date, modified_date) VALUES ('title2', 'contents2', 'IT', 1, CURRENT_TIMESTAMP, CURRENT_TIMESTAMP);
INSERT INTO posts(title, contents, category, user_id, created_date, modified_date) VALUES ('title3', 'contents3', 'SPORTS', 1, CURRENT_TIMESTAMP, CURRENT_TIMESTAMP);
INSERT INTO posts(title, contents, category, user_id, created_date, modified_date) VALUES ('title4', 'contents4', 'FASHION', 1, CURRENT_TIMESTAMP, CURRENT_TIMESTAMP);
INSERT INTO posts(title, contents, category, user_id, created_date, modified_date) VALUES ('title1', 'contents1', 'FREEDOM', 1, CURRENT_TIMESTAMP, CURRENT_TIMESTAMP);
INSERT INTO posts(title, contents, category, user_id, created_date, modified_date) VALUES ('title2', 'contents2', 'IT', 1, CURRENT_TIMESTAMP, CURRENT_TIMESTAMP);
INSERT INTO posts(title, contents, category, user_id, created_date, modified_date) VALUES ('title3', 'contents3', 'SPORTS', 1, CURRENT_TIMESTAMP, CURRENT_TIMESTAMP);
INSERT INTO posts(title, contents, category, user_id, created_date, modified_date) VALUES ('title4', 'contents4', 'FASHION', 1, CURRENT_TIMESTAMP, CURRENT_TIMESTAMP);
INSERT INTO posts(title, contents, category, user_id, created_date, modified_date) VALUES ('title1', 'contents1', 'FREEDOM', 1, CURRENT_TIMESTAMP, CURRENT_TIMESTAMP);
INSERT INTO posts(title, contents, category, user_id, created_date, modified_date) VALUES ('title2', 'contents2', 'IT', 1, CURRENT_TIMESTAMP, CURRENT_TIMESTAMP);
INSERT INTO posts(title, contents, category, user_id, created_date, modified_date) VALUES ('title3', 'contents3', 'SPORTS', 1, CURRENT_TIMESTAMP, CURRENT_TIMESTAMP);
INSERT INTO posts(title, contents, category, user_id, created_date, modified_date) VALUES ('title4', 'contents4', 'FASHION', 1, CURRENT_TIMESTAMP, CURRENT_TIMESTAMP);
INSERT INTO posts(title, contents, category, user_id, created_date, modified_date) VALUES ('title1', 'contents1', 'FREEDOM', 1, CURRENT_TIMESTAMP, CURRENT_TIMESTAMP);
INSERT INTO posts(title, contents, category, user_id, created_date, modified_date) VALUES ('title2', 'contents2', 'IT', 1, CURRENT_TIMESTAMP, CURRENT_TIMESTAMP);
INSERT INTO posts(title, contents, category, user_id, created_date, modified_date) VALUES ('title3', 'contents3', 'SPORTS', 1, CURRENT_TIMESTAMP, CURRENT_TIMESTAMP);
INSERT INTO posts(title, contents, category, user_id, created_date, modified_date) VALUES ('title4', 'contents4', 'FASHION', 1, CURRENT_TIMESTAMP, CURRENT_TIMESTAMP);
INSERT INTO posts(title, contents, category, user_id, created_date, modified_date) VALUES ('title1', 'contents1', 'FREEDOM', 1, CURRENT_TIMESTAMP, CURRENT_TIMESTAMP);
INSERT INTO posts(title, contents, category, user_id, created_date, modified_date) VALUES ('title2', 'contents2', 'IT', 1, CURRENT_TIMESTAMP, CURRENT_TIMESTAMP);
INSERT INTO posts(title, contents, category, user_id, created_date, modified_date) VALUES ('title3', 'contents3', 'SPORTS', 1, CURRENT_TIMESTAMP, CURRENT_TIMESTAMP);
INSERT INTO posts(title, contents, category, user_id, created_date, modified_date) VALUES ('title4', 'contents4', 'FASHION', 1, CURRENT_TIMESTAMP, CURRENT_TIMESTAMP);
INSERT INTO posts(title, contents, category, user_id, created_date, modified_date) VALUES ('title1', 'contents1', 'FREEDOM', 1, CURRENT_TIMESTAMP, CURRENT_TIMESTAMP);
INSERT INTO posts(title, contents, category, user_id, created_date, modified_date) VALUES ('title2', 'contents2', 'IT', 1, CURRENT_TIMESTAMP, CURRENT_TIMESTAMP);
INSERT INTO posts(title, contents, category, user_id, created_date, modified_date) VALUES ('title3', 'contents3', 'SPORTS', 1, CURRENT_TIMESTAMP, CURRENT_TIMESTAMP);
INSERT INTO posts(title, contents, category, user_id, created_date, modified_date) VALUES ('title4', 'contents4', 'FASHION', 1, CURRENT_TIMESTAMP, CURRENT_TIMESTAMP);
INSERT INTO posts(title, contents, category, user_id, created_date, modified_date) VALUES ('title1', 'contents1', 'FREEDOM', 1, CURRENT_TIMESTAMP, CURRENT_TIMESTAMP);
INSERT INTO posts(title, contents, category, user_id, created_date, modified_date) VALUES ('title2', 'contents2', 'IT', 1, CURRENT_TIMESTAMP, CURRENT_TIMESTAMP);
INSERT INTO posts(title, contents, category, user_id, created_date, modified_date) VALUES ('title3', 'contents3', 'SPORTS', 1, CURRENT_TIMESTAMP, CURRENT_TIMESTAMP);
INSERT INTO posts(title, contents, category, user_id, created_date, modified_date) VALUES ('title4', 'contents4', 'FASHION', 1, CURRENT_TIMESTAMP, CURRENT_TIMESTAMP);
INSERT INTO posts(title, contents, category, user_id, created_date, modified_date) VALUES ('title1', 'contents1', 'FREEDOM', 1, CURRENT_TIMESTAMP, CURRENT_TIMESTAMP);
INSERT INTO posts(title, contents, category, user_id, created_date, modified_date) VALUES ('title2', 'contents2', 'IT', 1, CURRENT_TIMESTAMP, CURRENT_TIMESTAMP);
INSERT INTO posts(title, contents, category, user_id, created_date, modified_date) VALUES ('title3', 'contents3', 'SPORTS', 1, CURRENT_TIMESTAMP, CURRENT_TIMESTAMP);
INSERT INTO posts(title, contents, category, user_id, created_date, modified_date) VALUES ('title4', 'contents4', 'FASHION', 1, CURRENT_TIMESTAMP, CURRENT_TIMESTAMP);
INSERT INTO posts(title, contents, category, user_id, created_date, modified_date) VALUES ('title1', 'contents1', 'FREEDOM', 1, CURRENT_TIMESTAMP, CURRENT_TIMESTAMP);
INSERT INTO posts(title, contents, category, user_id, created_date, modified_date) VALUES ('title2', 'contents2', 'IT', 1, CURRENT_TIMESTAMP, CURRENT_TIMESTAMP);
INSERT INTO posts(title, contents, category, user_id, created_date, modified_date) VALUES ('title3', 'contents3', 'SPORTS', 1, CURRENT_TIMESTAMP, CURRENT_TIMESTAMP);
INSERT INTO posts(title, contents, category, user_id, created_date, modified_date) VALUES ('title4', 'contents4', 'FASHION', 1, CURRENT_TIMESTAMP, CURRENT_TIMESTAMP);
INSERT INTO posts(title, contents, category, user_id, created_date, modified_date) VALUES ('title1', 'contents1', 'FREEDOM', 1, CURRENT_TIMESTAMP, CURRENT_TIMESTAMP);
INSERT INTO posts(title, contents, category, user_id, created_date, modified_date) VALUES ('title2', 'contents2', 'IT', 1, CURRENT_TIMESTAMP, CURRENT_TIMESTAMP);
INSERT INTO posts(title, contents, category, user_id, created_date, modified_date) VALUES ('title3', 'contents3', 'SPORTS', 1, CURRENT_TIMESTAMP, CURRENT_TIMESTAMP);
INSERT INTO posts(title, contents, category, user_id, created_date, modified_date) VALUES ('title4', 'contents4', 'FASHION', 1, CURRENT_TIMESTAMP, CURRENT_TIMESTAMP);
INSERT INTO posts(title, contents, category, user_id, created_date, modified_date) VALUES ('title1', 'contents1', 'FREEDOM', 1, CURRENT_TIMESTAMP, CURRENT_TIMESTAMP);
INSERT INTO posts(title, contents, category, user_id, created_date, modified_date) VALUES ('title2', 'contents2', 'IT', 1, CURRENT_TIMESTAMP, CURRENT_TIMESTAMP);
INSERT INTO posts(title, contents, category, user_id, created_date, modified_date) VALUES ('title3', 'contents3', 'SPORTS', 1, CURRENT_TIMESTAMP, CURRENT_TIMESTAMP);
INSERT INTO posts(title, contents, category, user_id, created_date, modified_date) VALUES ('title4', 'contents4', 'FASHION', 1, CURRENT_TIMESTAMP, CURRENT_TIMESTAMP);
INSERT INTO posts(title, contents, category, user_id, created_date, modified_date) VALUES ('title1', 'contents1', 'FREEDOM', 1, CURRENT_TIMESTAMP, CURRENT_TIMESTAMP);
INSERT INTO posts(title, contents, category, user_id, created_date, modified_date) VALUES ('title2', 'contents2', 'IT', 1, CURRENT_TIMESTAMP, CURRENT_TIMESTAMP);
INSERT INTO posts(title, contents, category, user_id, created_date, modified_date) VALUES ('title3', 'contents3', 'SPORTS', 1, CURRENT_TIMESTAMP, CURRENT_TIMESTAMP);
INSERT INTO posts(title, contents, category, user_id, created_date, modified_date) VALUES ('title4', 'contents4', 'FASHION', 1, CURRENT_TIMESTAMP, CURRENT_TIMESTAMP);
INSERT INTO posts(title, contents, category, user_id, created_date, modified_date) VALUES ('title1', 'contents1', 'FREEDOM', 1, CURRENT_TIMESTAMP, CURRENT_TIMESTAMP);
INSERT INTO posts(title, contents, category, user_id, created_date, modified_date) VALUES ('title2', 'contents2', 'IT', 1, CURRENT_TIMESTAMP, CURRENT_TIMESTAMP);
INSERT INTO posts(title, contents, category, user_id, created_date, modified_date) VALUES ('title3', 'contents3', 'SPORTS', 1, CURRENT_TIMESTAMP, CURRENT_TIMESTAMP);
INSERT INTO posts(title, contents, category, user_id, created_date, modified_date) VALUES ('title4', 'contents4', 'FASHION', 1, CURRENT_TIMESTAMP, CURRENT_TIMESTAMP);
INSERT INTO posts(title, contents, category, user_id, created_date, modified_date) VALUES ('title1', 'contents1', 'FREEDOM', 1, CURRENT_TIMESTAMP, CURRENT_TIMESTAMP);
INSERT INTO posts(title, contents, category, user_id, created_date, modified_date) VALUES ('title2', 'contents2', 'IT', 1, CURRENT_TIMESTAMP, CURRENT_TIMESTAMP);
INSERT INTO posts(title, contents, category, user_id, created_date, modified_date) VALUES ('title3', 'contents3', 'SPORTS', 1, CURRENT_TIMESTAMP, CURRENT_TIMESTAMP);
INSERT INTO posts(title, contents, category, user_id, created_date, modified_date) VALUES ('title4', 'contents4', 'FASHION', 1, CURRENT_TIMESTAMP, CURRENT_TIMESTAMP);

-- post_likes
INSERT INTO post_likes(post_id, user_id) VALUES ( 1, 1 );
INSERT INTO post_likes(post_id, user_id) VALUES ( 2, 1 );
INSERT INTO post_likes(post_id, user_id) VALUES ( 2, 2 );
INSERT INTO post_likes(post_id, user_id) VALUES ( 3, 2 );

-- comments
INSERT INTO comments(contents, user_id, post_id, created_date, modified_date) VALUES ('contents1', 1, 1, CURRENT_TIMESTAMP, CURRENT_TIMESTAMP);
INSERT INTO comments(contents, user_id, post_id, created_date, modified_date) VALUES ('contents2', 2, 1, CURRENT_TIMESTAMP, CURRENT_TIMESTAMP);
INSERT INTO comments(contents, user_id, post_id, created_date, modified_date) VALUES ('contents3', 1, 2, CURRENT_TIMESTAMP, CURRENT_TIMESTAMP);
INSERT INTO comments(contents, user_id, post_id, created_date, modified_date) VALUES ('contents4', 2, 2, CURRENT_TIMESTAMP, CURRENT_TIMESTAMP);
INSERT INTO comments(contents, user_id, post_id, created_date, modified_date) VALUES ('contents5', 1, 3, CURRENT_TIMESTAMP, CURRENT_TIMESTAMP);

-- comment-likes
INSERT INTO comment_likes(comment_id, user_id) VALUES ( 1, 1 );
INSERT INTO comment_likes(comment_id, user_id) VALUES ( 2, 1 );
INSERT INTO comment_likes(comment_id, user_id) VALUES ( 2, 2 );
INSERT INTO comment_likes(comment_id, user_id) VALUES ( 3, 2 );

-- bookmarks
INSERT INTO bookmarks(post_id, user_id) VALUES ( 1, 1 );
INSERT INTO bookmarks(post_id, user_id) VALUES ( 2, 1 );
INSERT INTO bookmarks(post_id, user_id) VALUES ( 2, 2 );
INSERT INTO bookmarks(post_id, user_id) VALUES ( 3, 2 );